Start,Category,Cause,Descriptor,new,v
2016/1/6 7:06,Transformer,Trip,,2016_Jan_6_1,4
2016/1/6 7:06,Line,Trip,B-G,2016_Jan_6_0,4
2016/1/7 17:35,Frequency,,,2016_Jan_7_6,5
2016/1/7 17:35,Line,Trip,,2016_Jan_7_5,5
2016/1/7 17:35,Line,Equipment,C-G,2016_Jan_7_4,5
2016/1/8 16:01,Line,Equipment,Conductor,2016_Jan_8_1,4
2016/1/8 16:01,Transformer,Equipment,Conductor,2016_Jan_8_2,4
2016/1/8 16:01,Line,Equipment,Conductor,2016_Jan_8_0,4
2016/1/9 0:41,Transformer,Planned Service,,2016_Jan_9_1,4
2016/1/9 0:41,Line,Planned Service,,2016_Jan_9_0,4
2016/1/11 19:49,Transformer,Planned Service,,2016_Jan_11_12,4
2016/1/11 19:49,Transformer,Planned Service,,2016_Jan_11_13,4
2016/1/11 19:49,Line,Planned Service,,2016_Jan_11_11,4
2016/1/13 19:40,Line,Planned Service,,2016_Jan_13_8,4
2016/1/13 19:40,Transformer,Planned Service,,2016_Jan_13_9,4
2016/1/16 15:01,Line,Planned Service,,2016_Jan_16_1,4
2016/1/16 15:01,Transformer,Planned Service,,2016_Jan_16_2,4
2016/1/16 17:10,Line,Weather,,2016_Jan_16_4,4
2016/1/16 17:10,Transformer,Trip,,2016_Jan_16_3,4
2016/1/17 8:44,Transformer,Planned Operations,,2016_Jan_17_2,4
2016/1/17 8:44,Line,Planned Operations,,2016_Jan_17_0,4
2016/1/17 8:44,Line,Planned Operations,,2016_Jan_17_1,4
2016/1/19 15:51,Transformer,Planned Service,,2016_Jan_19_4,4
2016/1/19 15:51,Line,Planned Service,,2016_Jan_19_3,4
2016/1/20 14:49,Line,Planned Service,,2016_Jan_20_6,4
2016/1/20 14:49,Transformer,Planned Service,,2016_Jan_20_7,4
2016/1/21 10:02,Line,Planned Operations,,2016_Jan_21_2,4
2016/1/21 10:02,Transformer,Planned Operations,,2016_Jan_21_3,4
2016/1/22 8:04,Line,Planned Operations,,2016_Jan_22_3,4
2016/1/22 8:04,Transformer,Planned Operations,,2016_Jan_22_4,4
2016/1/23 7:03,Transformer,Planned Operations,,2016_Jan_23_2,4
2016/1/23 7:03,Line,Planned Operations,,2016_Jan_23_1,4
2016/1/25 16:50,Line,Planned Service,,2016_Jan_25_4,4
2016/1/25 16:50,Transformer,Planned Service,,2016_Jan_25_5,4
2016/1/26 6:36,Transformer,Planned Operations,,2016_Jan_26_1,4
2016/1/26 6:36,Line,Planned Operations,,2016_Jan_26_0,4
2016/1/26 15:55,Line,Planned Service,,2016_Jan_26_5,4
2016/1/26 15:55,Transformer,Planned Service,,2016_Jan_26_6,4
2016/1/26 22:53,Line,Planned Service,,2016_Jan_26_8,4
2016/1/26 22:53,Transformer,Planned Service,,2016_Jan_26_9,4
2016/2/1 9:39,Line,Planned Operations,,2016_Feb_1_1,4
2016/2/1 9:39,Transformer,Planned Operations,,2016_Feb_1_2,4
2016/2/1 14:27,Line,Trip,A-G,2016_Feb_1_4,5
2016/2/1 14:27,Frequency,,,2016_Feb_1_5,5
2016/2/3 16:39,Line,Planned Operations,Sympathetic,2016_Feb_3_3,4
2016/2/3 16:39,Transformer,Planned Operations,Sympathetic,2016_Feb_3_4,4
2016/2/4 9:13,Transformer,Planned Operations,,2016_Feb_4_1,4
2016/2/4 9:13,Line,Planned Operations,,2016_Feb_4_0,4
2016/2/4 11:12,Transformer,Planned Operations,Sympathetic,2016_Feb_4_4,4
2016/2/4 11:12,Transformer,Planned Operations,Sympathetic,2016_Feb_4_3,4
2016/2/4 11:12,Line,Planned Operations,Sympathetic,2016_Feb_4_2,4
2016/2/4 20:19,Frequency,,,2016_Feb_4_12,5
2016/2/4 20:19,Line,Trip,,2016_Feb_4_11,5
2016/2/5 9:15,Transformer,Planned Operations,,2016_Feb_5_4,4
2016/2/5 9:15,Line,Planned Operations,,2016_Feb_5_3,4
2016/2/6 10:18,Frequency,,,2016_Feb_6_2,5
2016/2/6 10:18,Line,Trip,,2016_Feb_6_1,5
2016/2/6 10:21,Frequency,,,2016_Feb_6_4,5
2016/2/6 10:21,Line,Trip,,2016_Feb_6_3,5
2016/2/7 7:21,Transformer,Planned Operations,,2016_Feb_7_2,4
2016/2/7 7:21,Line,Planned Operations,,2016_Feb_7_1,4
2016/2/9 7:42,Line,Planned Operations,,2016_Feb_9_0,4
2016/2/9 7:42,Transformer,Planned Operations,,2016_Feb_9_1,4
2016/2/9 14:25,Line,Planned Service,,2016_Feb_9_4,4
2016/2/9 14:25,Transformer,Planned Service,,2016_Feb_9_5,4
2016/2/10 10:29,Transformer,Planned Operations,,2016_Feb_10_1,4
2016/2/10 10:29,Line,Planned Operations,,2016_Feb_10_0,4
2016/2/26 14:37,Transformer,Planned Service,,2016_Feb_26_2,4
2016/2/26 14:37,Line,Planned Service,,2016_Feb_26_0,4
2016/2/26 14:37,Line,Planned Service,,2016_Feb_26_1,4
2016/2/28 8:15,Transformer,Planned Operations,,2016_Feb_28_2,4
2016/2/28 8:15,Line,Planned Operations,,2016_Feb_28_1,4
2016/2/28 22:26,Line,Weather,,2016_Feb_28_6,4
2016/2/28 22:26,Transformer,Trip,Power System Condition,2016_Feb_28_5,4
2016/2/28 22:26,Transformer,Trip,Power System Condition,2016_Feb_28_4,4
2016/2/29 15:52,Line,Planned Operations,Sympathetic,2016_Feb_29_2,4
2016/2/29 15:52,Transformer,Planned Service,,2016_Feb_29_3,4
2016/2/29 15:52,Line,Planned Operations,Sympathetic,2016_Feb_29_1,4
2016/3/1 18:07,Line,Planned Service,,2016_Mar_1_8,4
2016/3/1 18:07,Transformer,Planned Service,,2016_Mar_1_9,4
2016/3/1 18:07,Transformer,Planned Service,,2016_Mar_1_10,4
2016/3/1 18:24,Line,Planned Service,,2016_Mar_1_11,4
2016/3/1 18:24,Transformer,Planned Service,,2016_Mar_1_12,4
2016/3/1 20:48,Line,Planned Operations,Human Error,2016_Mar_1_15,4
2016/3/1 20:48,Line,Trip,Human Error,2016_Mar_1_17,4
2016/3/1 20:48,Line,Planned Operations,Human Error,2016_Mar_1_16,4
2016/3/1 20:48,Transformer,Trip,Human Error,2016_Mar_1_18,4
2016/3/3 23:04,Line,RAS,,2016_Mar_3_10,5
2016/3/3 23:04,Frequency,,,2016_Mar_3_12,5
2016/3/3 23:04,Line,RAS,,2016_Mar_3_11,5
2016/3/3 23:04,Line,Fire/Smoke,B-G,2016_Mar_3_9,5
2016/3/3 23:04,Line,Fire/Smoke,A-G,2016_Mar_3_8,5
2016/3/8 15:47,Transformer,Planned Service,,2016_Mar_8_1,4
2016/3/8 15:47,Line,Planned Operations,Sympathetic,2016_Mar_8_0,4
2016/3/8 16:40,Line,Planned Service,,2016_Mar_8_2,4
2016/3/8 16:40,Transformer,Planned Service,,2016_Mar_8_3,4
2016/3/12 11:20,Transformer,Weather,,2016_Mar_12_2,4
2016/3/12 11:20,Line,Weather,,2016_Mar_12_1,4
2016/3/13 8:15,Line,Planned Operations,,2016_Mar_13_0,4
2016/3/13 8:15,Transformer,Planned Operations,,2016_Mar_13_1,4
2016/3/15 22:00,Transformer,Equipment,,2016_Mar_15_1,4
2016/3/15 22:00,Line,Tree,,2016_Mar_15_2,4
2016/3/17 8:40,Transformer,Weather,,2016_Mar_17_3,4
2016/3/17 8:40,Line,Weather,,2016_Mar_17_2,4
2016/3/19 3:38,Transformer,Planned Service,,2016_Mar_19_2,4
2016/3/19 3:38,Line,Planned Service,,2016_Mar_19_1,4
2016/3/19 8:17,Transformer,Planned Operations,,2016_Mar_19_5,4
2016/3/19 8:17,Line,Planned Operations,,2016_Mar_19_4,4
2016/3/22 14:19,Line,Planned Service,,2016_Mar_22_3,4
2016/3/22 14:19,Line,Planned Service,,2016_Mar_22_4,4
2016/3/22 14:19,Transformer,Planned Service,,2016_Mar_22_5,4
2016/3/22 23:02,Line,Planned Service,,2016_Mar_22_13,5
2016/3/22 23:02,Line,Planned Service,,2016_Mar_22_14,5
2016/3/22 23:02,Frequency,,,2016_Mar_22_15,5
2016/3/26 6:45,Line,Planned Operations,,2016_Mar_26_0,4
2016/3/26 6:45,Transformer,Planned Operations,,2016_Mar_26_1,4
2016/3/29 17:36,Line,Planned Service,,2016_Mar_29_6,4
2016/3/29 17:36,Transformer,Planned Service,,2016_Mar_29_7,4
2016/3/29 17:36,Line,Trip,,2016_Mar_29_8,4
2016/3/31 14:02,Transformer,Planned Service,,2016_Mar_31_3,4
2016/3/31 14:02,Line,Planned Service,,2016_Mar_31_2,4
2016/3/31 14:02,Transformer,Planned Service,,2016_Mar_31_4,4
2016/3/31 15:01,Line,Planned Service,,2016_Mar_31_6,4
2016/3/31 15:01,Transformer,Planned Service,,2016_Mar_31_7,4
2016/4/1 9:19,Line,Planned Operations,,2016_Apr_1_1,4
2016/4/1 9:19,Transformer,Planned Operations,,2016_Apr_1_2,4
2016/4/2 14:17,Line,Planned Operations,,2016_Apr_2_2,4
2016/4/2 14:17,Transformer,Planned Operations,,2016_Apr_2_3,4
2016/4/4 13:51,Line,Planned Service,,2016_Apr_4_3,4
2016/4/4 13:51,Transformer,Planned Service,,2016_Apr_4_4,4
2016/4/4 14:42,Line,Planned Service,,2016_Apr_4_7,4
2016/4/4 14:42,Transformer,Planned Service,,2016_Apr_4_8,4
2016/4/4 15:11,Line,Planned Service,,2016_Apr_4_11,4
2016/4/4 15:11,Transformer,Planned Service,,2016_Apr_4_12,4
2016/4/4 15:12,Transformer,Planned Service,,2016_Apr_4_14,4
2016/4/4 15:12,Line,Planned Service,,2016_Apr_4_13,4
2016/4/5 17:09,Transformer,Planned Service,,2016_Apr_5_5,4
2016/4/5 17:09,Line,Planned Service,,2016_Apr_5_4,4
2016/4/7 20:59,Line,Planned Service,,2016_Apr_7_8,4
2016/4/7 20:59,Transformer,Planned Service,,2016_Apr_7_9,4
2016/4/22 9:47,Frequency,,,2016_Apr_22_3,7
2016/4/22 9:47,Line,Trip,,2016_Apr_22_1,7
2016/4/22 9:47,Transformer,Trip,,2016_Apr_22_2,7
2016/4/29 13:48,Line,Equipment,Protection,2016_Apr_29_0,4
2016/4/29 13:48,Transformer,Equipment,,2016_Apr_29_1,4
2016/5/2 14:16,Line,Planned Service,,2016_May_2_5,4
2016/5/2 14:16,Transformer,Planned Service,,2016_May_2_6,4
2016/5/2 15:37,Line,Planned Service,,2016_May_2_11,4
2016/5/2 15:37,Transformer,Planned Service,,2016_May_2_12,4
2016/5/2 16:10,Line,Planned Service,,2016_May_2_18,5
2016/5/2 16:10,Frequency,,,2016_May_2_19,5
2016/5/2 21:35,Line,Planned Service,,2016_May_2_21,4
2016/5/2 21:35,Transformer,Planned Service,,2016_May_2_22,4
2016/5/3 5:09,Transformer,Planned Operations,,2016_May_3_1,4
2016/5/3 5:09,Line,Planned Operations,,2016_May_3_0,4
2016/5/3 7:20,Transformer,Planned Operations,,2016_May_3_3,4
2016/5/3 7:20,Line,Planned Operations,,2016_May_3_2,4
2016/5/3 15:17,Transformer,Planned Service,,2016_May_3_8,4
2016/5/3 15:17,Line,Planned Service,,2016_May_3_7,4
2016/5/3 15:19,Transformer,Planned Service,,2016_May_3_10,4
2016/5/3 15:19,Line,Planned Service,,2016_May_3_9,4
2016/5/4 10:32,Transformer,Trip,,2016_May_4_4,7
2016/5/4 10:32,Frequency,,,2016_May_4_5,7
2016/5/4 10:32,Line,Trip,C-G,2016_May_4_3,7
2016/5/6 1:24,Line,Lightning,,2016_May_6_0,5
2016/5/6 1:24,Line,RAS,,2016_May_6_1,5
2016/5/6 1:24,Frequency,,,2016_May_6_2,5
2016/5/9 12:06,Line,Trip,DC,2016_May_9_1,5
2016/5/9 12:06,Frequency,,,2016_May_9_2,5
2016/5/9 15:54,Transformer,Planned Service,,2016_May_9_12,4
2016/5/9 15:54,Line,Planned Service,,2016_May_9_11,4
2016/5/9 16:07,Line,Planned Service,,2016_May_9_13,4
2016/5/9 16:07,Transformer,Planned Service,,2016_May_9_14,4
2016/5/10 5:34,Line,Planned Operations,,2016_May_10_0,4
2016/5/10 5:34,Transformer,Planned Operations,,2016_May_10_1,4
2016/5/10 14:45,Line,Planned Service,,2016_May_10_2,4
2016/5/10 14:45,Line,Planned Service,,2016_May_10_3,4
2016/5/10 14:45,Transformer,Planned Service,,2016_May_10_4,4
2016/5/10 15:51,Transformer,Planned Service,,2016_May_10_8,4
2016/5/10 15:51,Line,Planned Service,,2016_May_10_7,4
2016/5/11 6:08,Transformer,Planned Operations,,2016_May_11_1,4
2016/5/11 6:08,Line,Planned Operations,,2016_May_11_0,4
2016/5/11 14:53,Transformer,Planned Operations,,2016_May_11_2,4
2016/5/11 14:53,Line,Planned Service,,2016_May_11_3,4
2016/5/12 7:46,Line,Planned Operations,,2016_May_12_0,4
2016/5/12 7:46,Transformer,Planned Operations,,2016_May_12_1,4
2016/5/12 15:23,Line,Planned Service,,2016_May_12_9,4
2016/5/12 15:23,Transformer,Planned Service,,2016_May_12_10,4
2016/5/13 6:10,Transformer,Planned Operations,,2016_May_13_1,4
2016/5/13 6:10,Line,Planned Operations,,2016_May_13_0,4
2016/5/14 6:02,Line,Planned Operations,,2016_May_14_2,4
2016/5/14 6:02,Transformer,Planned Operations,,2016_May_14_3,4
2016/5/15 0:23,Transformer,Lightning,,2016_May_15_1,4
2016/5/15 0:23,Line,Lightning,B-G,2016_May_15_0,4
2016/5/16 14:17,Line,Planned Service,,2016_May_16_5,4
2016/5/16 14:17,Transformer,Planned Service,,2016_May_16_6,4
2016/5/17 6:27,Transformer,Planned Operations,,2016_May_17_1,4
2016/5/17 6:27,Line,Planned Operations,,2016_May_17_0,4
2016/5/18 7:11,Transformer,Planned Operations,,2016_May_18_5,4
2016/5/18 7:11,Line,Planned Operations,,2016_May_18_4,4
2016/5/19 5:58,Line,Planned Operations,,2016_May_19_2,4
2016/5/19 5:58,Transformer,Planned Operations,,2016_May_19_3,4
2016/5/19 8:00,Frequency,,,2016_May_19_8,5
2016/5/19 8:00,Line,Trip,,2016_May_19_7,5
2016/5/19 8:00,Line,Trip,,2016_May_19_6,5
2016/5/19 8:00,Line,RAS,,2016_May_19_5,5
2016/5/19 8:00,Line,Lightning,,2016_May_19_4,5
2016/5/20 2:05,Line,Planned Operations,,2016_May_20_0,4
2016/5/20 2:05,Transformer,Planned Operations,,2016_May_20_1,4
2016/5/20 23:45,Line,Planned Operations,,2016_May_20_3,4
2016/5/20 23:45,Transformer,Planned Operations,,2016_May_20_4,4
2016/5/22 3:49,Line,Equipment,,2016_May_22_0,5
2016/5/22 3:49,Frequency,,,2016_May_22_1,5
2016/5/23 15:02,Transformer,Planned Service,,2016_May_23_9,4
2016/5/23 15:02,Line,Planned Service,,2016_May_23_7,4
2016/5/23 15:02,Line,Planned Service,,2016_May_23_8,4
2016/5/24 9:23,Transformer,Planned Operations,,2016_May_24_2,4
2016/5/24 9:23,Line,Planned Operations,,2016_May_24_1,4
2016/5/25 7:53,Line,Planned Operations,,2016_May_25_0,4
2016/5/25 7:53,Transformer,Planned Operations,,2016_May_25_1,4
2016/5/25 15:03,Line,Planned Service,,2016_May_25_2,4
2016/5/25 15:03,Line,Planned Service,,2016_May_25_3,4
2016/5/25 15:03,Transformer,Planned Service,,2016_May_25_4,4
2016/5/25 20:10,Transformer,Trip,Sympathetic,2016_May_25_13,4
2016/5/25 20:10,Line,Trip,,2016_May_25_12,4
2016/5/25 20:10,Line,Planned Service,,2016_May_25_11,4
2016/5/26 7:44,Transformer,Planned Operations,,2016_May_26_1,4
2016/5/26 7:44,Line,Planned Operations,,2016_May_26_0,4
2016/5/26 18:08,Transformer,Planned Operations,,2016_May_26_9,4
2016/5/26 18:08,Line,Planned Operations,,2016_May_26_8,4
2016/5/28 2:54,Transformer,Planned Operations,,2016_May_28_1,4
2016/5/28 2:54,Line,Planned Operations,,2016_May_28_0,4
2016/6/1 8:08,Line,Planned Operations,,2016_Jun_1_1,4
2016/6/1 8:08,Transformer,Planned Operations,,2016_Jun_1_2,4
2016/6/1 13:38,Line,Planned Service,,2016_Jun_1_3,4
2016/6/1 13:38,Transformer,Planned Service,,2016_Jun_1_4,4
2016/6/2 6:50,Transformer,Planned Operations,,2016_Jun_2_1,4
2016/6/2 6:50,Line,Planned Operations,,2016_Jun_2_0,4
2016/6/2 13:45,Line,Planned Service,,2016_Jun_2_2,4
2016/6/2 13:45,Transformer,Planned Service,,2016_Jun_2_3,4
2016/6/17 8:12,Line,Planned Operations,,2016_Jun_17_1,4
2016/6/17 8:12,Transformer,Planned Operations,,2016_Jun_17_2,4
2016/6/21 10:37,Line,Planned Operations,,2016_Jun_21_1,4
2016/6/21 10:37,Transformer,Planned Operations,,2016_Jun_21_2,4
2016/6/21 18:45,Transformer,Planned Service,,2016_Jun_21_11,4
2016/6/21 18:45,Line,Planned Service,,2016_Jun_21_10,4
2016/6/22 6:17,Line,Planned Operations,,2016_Jun_22_2,4
2016/6/22 6:17,Transformer,Planned Operations,,2016_Jun_22_3,4
2016/6/22 22:47,Line,Planned Operations,,2016_Jun_22_10,4
2016/6/22 22:47,Transformer,Planned Operations,,2016_Jun_22_11,4
2016/6/22 22:47,Line,Planned Operations,Sympathetic,2016_Jun_22_9,4
2016/6/23 7:54,Transformer,Planned Operations,,2016_Jun_23_2,4
2016/6/23 7:54,Line,Planned Operations,,2016_Jun_23_1,4
2016/6/25 6:38,Transformer,Planned Operations,,2016_Jun_25_2,4
2016/6/25 6:38,Line,Planned Operations,,2016_Jun_25_1,4
2016/6/27 6:53,Frequency,,,2016_Jun_27_1,5
2016/6/27 6:53,Line,Trip,,2016_Jun_27_0,5
2016/6/27 8:45,Line,Planned Operations,,2016_Jun_27_3,4
2016/6/27 8:45,Transformer,Planned Operations,,2016_Jun_27_4,4
2016/6/27 16:49,Frequency,,,2016_Jun_27_13,5
2016/6/27 16:49,Line,Planned Service,,2016_Jun_27_12,5
2016/6/29 8:13,Transformer,Planned Operations,,2016_Jun_29_1,4
2016/6/29 8:13,Line,Planned Operations,,2016_Jun_29_0,4
2016/6/29 22:46,Line,Trip,,2016_Jun_29_9,4
2016/6/29 22:46,Transformer,Trip,,2016_Jun_29_10,4
2016/6/30 8:43,Line,Planned Operations,,2016_Jun_30_0,4
2016/6/30 8:43,Transformer,Planned Operations,,2016_Jun_30_1,4
2016/6/30 15:21,Transformer,Planned Service,,2016_Jun_30_7,4
2016/6/30 15:21,Line,Planned Service,,2016_Jun_30_6,4
2016/7/1 8:13,Line,Planned Operations,,2016_Jul_1_2,4
2016/7/1 8:13,Transformer,Planned Operations,,2016_Jul_1_3,4
2016/7/2 8:53,Line,Planned Operations,,2016_Jul_2_0,4
2016/7/2 8:53,Transformer,Planned Operations,,2016_Jul_2_1,4
2016/7/6 8:23,Transformer,Planned Operations,,2016_Jul_6_4,4
2016/7/6 8:23,Line,Planned Operations,,2016_Jul_6_3,4
2016/7/7 7:08,Transformer,Planned Operations,,2016_Jul_7_1,4
2016/7/7 7:08,Line,Planned Operations,,2016_Jul_7_0,4
2016/7/8 6:02,Transformer,Planned Operations,,2016_Jul_8_2,4
2016/7/8 6:02,Line,Planned Operations,,2016_Jul_8_1,4
2016/7/9 1:25,Transformer,Planned Operations,,2016_Jul_9_2,4
2016/7/9 1:25,Line,Planned Operations,,2016_Jul_9_1,4
2016/7/11 14:15,Line,Planned Service,,2016_Jul_11_7,4
2016/7/11 14:15,Line,Planned Service,,2016_Jul_11_6,4
2016/7/11 14:15,Transformer,Planned Service,,2016_Jul_11_8,4
2016/7/11 15:28,Transformer,Planned Service,,2016_Jul_11_20,4
2016/7/11 15:28,Line,Planned Service,,2016_Jul_11_19,4
2016/7/12 6:18,Transformer,Planned Operations,,2016_Jul_12_1,4
2016/7/12 6:18,Line,Planned Operations,,2016_Jul_12_0,4
2016/7/15 8:01,Line,Planned Operations,,2016_Jul_15_5,4
2016/7/15 8:01,Transformer,Planned Operations,,2016_Jul_15_6,4
2016/7/16 7:05,Line,Planned Operations,,2016_Jul_16_0,4
2016/7/16 7:05,Transformer,Planned Operations,,2016_Jul_16_1,4
2016/7/18 13:58,Line,Planned Service,,2016_Jul_18_5,4
2016/7/18 13:58,Transformer,Planned Service,,2016_Jul_18_6,4
2016/7/19 5:55,Line,Planned Operations,,2016_Jul_19_1,4
2016/7/19 5:55,Transformer,Planned Operations,,2016_Jul_19_2,4
2016/7/19 22:45,Transformer,Equipment,Protection,2016_Jul_19_19,4
2016/7/19 22:45,Line,Trip,Sympathetic,2016_Jul_19_27,4
2016/7/19 22:45,Line,Trip,Sympathetic,2016_Jul_19_26,4
2016/7/19 22:45,Line,Trip,Sympathetic,2016_Jul_19_25,4
2016/7/19 22:45,Line,Trip,Sympathetic,2016_Jul_19_24,4
2016/7/19 22:45,Line,Trip,Sympathetic,2016_Jul_19_22,4
2016/7/19 22:45,Line,Trip,Sympathetic,2016_Jul_19_21,4
2016/7/19 22:45,Transformer,Equipment,Protection,2016_Jul_19_20,4
2016/7/19 22:45,Line,Trip,Sympathetic,2016_Jul_19_23,4
2016/7/20 4:48,Line,Lightning,,2016_Jul_20_0,4
2016/7/20 4:48,Transformer,Lightning,,2016_Jul_20_1,4
2016/7/20 5:48,Line,Planned Operations,,2016_Jul_20_2,4
2016/7/20 5:48,Transformer,Planned Operations,,2016_Jul_20_3,4
2016/7/20 7:01,Transformer,Planned Service,,2016_Jul_20_5,4
2016/7/20 7:01,Transformer,Planned Service,,2016_Jul_20_6,4
2016/7/20 7:01,Line,Trip,Sympathetic,2016_Jul_20_7,4
2016/7/20 7:01,Line,Planned Service,,2016_Jul_20_4,4
2016/7/21 6:18,Transformer,Planned Operations,,2016_Jul_21_1,4
2016/7/21 6:18,Line,Planned Operations,,2016_Jul_21_0,4
2016/7/22 5:59,Transformer,Planned Operations,,2016_Jul_22_1,4
2016/7/22 5:59,Line,Planned Operations,,2016_Jul_22_0,4
2016/7/22 9:51,Line,Trip,,2016_Jul_22_9,7
2016/7/22 9:51,Line,Lightning,,2016_Jul_22_6,7
2016/7/22 9:51,Frequency,,,2016_Jul_22_10,7
2016/7/22 9:51,Transformer,Lightning,,2016_Jul_22_8,7
2016/7/22 9:51,Line,Lightning,,2016_Jul_22_7,7
2016/7/23 3:42,Line,Planned Operations,,2016_Jul_23_1,4
2016/7/23 3:42,Transformer,Planned Operations,,2016_Jul_23_2,4
2016/7/24 6:14,Transformer,Planned Operations,,2016_Jul_24_2,4
2016/7/24 6:14,Line,Planned Operations,,2016_Jul_24_1,4
2016/7/26 6:45,Line,Planned Operations,,2016_Jul_26_0,4
2016/7/26 6:45,Transformer,Planned Operations,,2016_Jul_26_1,4
2016/7/27 8:55,Line,Planned Operations,,2016_Jul_27_1,4
2016/7/27 8:55,Transformer,Planned Operations,,2016_Jul_27_2,4
2016/7/28 6:14,Line,Planned Operations,,2016_Jul_28_1,4
2016/7/28 6:14,Transformer,Planned Operations,,2016_Jul_28_2,4
2016/8/12 9:45,Transformer,Planned Operations,,2016_Aug_12_1,4
2016/8/12 9:45,Line,Planned Operations,,2016_Aug_12_0,4
2016/8/12 13:19,Transformer,Planned Service,,2016_Aug_12_4,4
2016/8/12 13:19,Transformer,Planned Service,,2016_Aug_12_3,4
2016/8/12 13:19,Line,Planned Service,,2016_Aug_12_2,4
2016/8/12 22:05,Line,Equipment,Protection,2016_Aug_12_7,4
2016/8/12 22:05,Transformer,Equipment,Protection,2016_Aug_12_8,4
2016/8/12 22:05,Transformer,Equipment,Protection,2016_Aug_12_9,4
2016/8/12 22:17,Line,Planned Service,,2016_Aug_12_10,4
2016/8/12 22:17,Transformer,Planned Service,,2016_Aug_12_12,4
2016/8/12 22:17,Line,Planned Service,,2016_Aug_12_11,4
2016/8/13 6:55,Transformer,Planned Operations,,2016_Aug_13_3,4
2016/8/13 6:55,Line,Planned Operations,,2016_Aug_13_2,4
2016/8/13 8:56,Transformer,Planned Service,,2016_Aug_13_6,4
2016/8/13 8:56,Transformer,Planned Service,,2016_Aug_13_5,4
2016/8/13 8:56,Line,Planned Service,,2016_Aug_13_4,4
2016/8/14 7:21,Transformer,Planned Operations,,2016_Aug_14_6,4
2016/8/14 7:21,Line,Planned Operations,,2016_Aug_14_5,4
2016/8/15 15:59,Line,Planned Service,,2016_Aug_15_13,4
2016/8/15 15:59,Transformer,Planned Service,,2016_Aug_15_14,4
2016/8/16 8:12,Transformer,Planned Operations,,2016_Aug_16_1,4
2016/8/16 8:12,Line,Planned Operations,,2016_Aug_16_0,4
2016/8/16 15:27,Transformer,Planned Service,,2016_Aug_16_11,4
2016/8/16 15:27,Line,Planned Service,,2016_Aug_16_7,4
2016/8/16 15:27,Transformer,Planned Service,,2016_Aug_16_10,4
2016/8/16 15:27,Line,Planned Service,,2016_Aug_16_9,4
2016/8/16 15:27,Line,Planned Service,,2016_Aug_16_8,4
2016/8/17 2:19,Transformer,Trip,,2016_Aug_17_1,4
2016/8/17 2:19,Line,Trip,,2016_Aug_17_0,4
2016/8/17 9:57,Transformer,Planned Operations,,2016_Aug_17_4,4
2016/8/17 9:57,Line,Planned Operations,,2016_Aug_17_3,4
2016/8/17 22:15,Transformer,Planned Service,,2016_Aug_17_11,4
2016/8/17 22:15,Transformer,Planned Service,,2016_Aug_17_10,4
2016/8/17 22:15,Line,Planned Service,,2016_Aug_17_9,4
2016/8/18 7:56,Line,Planned Operations,,2016_Aug_18_1,4
2016/8/18 7:56,Transformer,Planned Operations,,2016_Aug_18_2,4
2016/8/19 9:02,Transformer,Planned Operations,,2016_Aug_19_5,4
2016/8/19 9:02,Line,Planned Operations,,2016_Aug_19_4,4
2016/8/20 8:17,Line,Planned Operations,,2016_Aug_20_0,4
2016/8/20 8:17,Transformer,Planned Operations,,2016_Aug_20_1,4
2016/8/21 6:55,Transformer,Planned Operations,,2016_Aug_21_1,4
2016/8/21 6:55,Line,Planned Operations,,2016_Aug_21_0,4
2016/8/22 8:41,Transformer,Planned Operations,,2016_Aug_22_2,4
2016/8/22 8:41,Line,Planned Operations,,2016_Aug_22_1,4
2016/8/22 14:46,Line,Planned Service,,2016_Aug_22_8,4
2016/8/22 14:46,Transformer,Planned Service,,2016_Aug_22_9,4
2016/8/22 14:46,Transformer,Planned Service,,2016_Aug_22_10,4
2016/8/22 14:49,Line,Planned Service,,2016_Aug_22_11,4
2016/8/22 14:49,Transformer,Planned Service,,2016_Aug_22_13,4
2016/8/22 14:49,Line,Planned Service,,2016_Aug_22_12,4
2016/8/23 5:48,Transformer,Planned Operations,,2016_Aug_23_2,4
2016/8/23 5:48,Line,Planned Operations,,2016_Aug_23_1,4
2016/8/23 13:23,Line,Planned Service,,2016_Aug_23_9,4
2016/8/23 13:23,Line,Planned Service,,2016_Aug_23_8,4
2016/8/23 13:23,Transformer,Planned Service,,2016_Aug_23_10,4
2016/8/24 1:50,Line,Trip,Sympathetic,2016_Aug_24_1,4
2016/8/24 1:50,Line,Trip,,2016_Aug_24_2,4
2016/8/24 1:50,Transformer,Equipment,Protection,2016_Aug_24_0,4
2016/8/25 6:08,Transformer,Planned Operations,,2016_Aug_25_1,4
2016/8/25 6:08,Line,Planned Operations,,2016_Aug_25_0,4
2016/8/26 5:24,Line,Planned Operations,,2016_Aug_26_2,4
2016/8/26 5:24,Transformer,Planned Operations,,2016_Aug_26_3,4
2016/8/27 5:59,Line,Planned Operations,,2016_Aug_27_0,4
2016/8/27 5:59,Transformer,Planned Operations,,2016_Aug_27_1,4
2016/8/27 15:05,Line,Planned Service,,2016_Aug_27_5,4
2016/8/27 15:05,Transformer,Planned Service,,2016_Aug_27_6,4
2016/8/28 5:07,Transformer,Planned Operations,,2016_Aug_28_1,4
2016/8/28 5:07,Line,Planned Operations,,2016_Aug_28_0,4
2016/8/29 10:44,Frequency,,,2016_Aug_29_3,5
2016/8/29 10:44,Line,Trip,A-G,2016_Aug_29_2,5
2016/8/29 19:03,Line,Planned Service,,2016_Aug_29_21,4
2016/8/29 19:03,Transformer,Planned Service,,2016_Aug_29_22,4
2016/8/30 5:48,Line,Planned Operations,,2016_Aug_30_0,4
2016/8/30 5:48,Transformer,Planned Operations,,2016_Aug_30_1,4
2016/8/31 5:25,Line,Planned Operations,,2016_Aug_31_0,4
2016/8/31 5:25,Transformer,Planned Operations,,2016_Aug_31_1,4
2016/8/31 9:14,Line,Planned Operations,,2016_Aug_31_3,4
2016/8/31 9:14,Transformer,Planned Operations,,2016_Aug_31_4,4
2016/8/31 16:12,Line,Planned Service,,2016_Aug_31_8,4
2016/8/31 16:12,Transformer,Planned Service,,2016_Aug_31_9,4
2016/9/1 4:17,Line,Planned Operations,,2016_Sep_1_1,4
2016/9/1 4:17,Transformer,Planned Operations,,2016_Sep_1_2,4
2016/9/1 8:16,Line,Planned Operations,,2016_Sep_1_3,4
2016/9/1 8:16,Transformer,Planned Operations,,2016_Sep_1_4,4
2016/9/1 17:55,Line,Trip,Sympathetic,2016_Sep_1_7,4
2016/9/1 17:55,Transformer,Trip,Sympathetic,2016_Sep_1_8,4
2016/9/1 17:55,Line,Planned Service,,2016_Sep_1_6,4
2016/9/1 23:18,Transformer,Planned Service,,2016_Sep_1_11,4
2016/9/1 23:18,Line,Planned Service,,2016_Sep_1_10,4
2016/9/2 3:43,Transformer,Planned Operations,,2016_Sep_2_4,4
2016/9/2 3:43,Line,Planned Operations,,2016_Sep_2_3,4
2016/9/3 5:09,Line,Planned Operations,,2016_Sep_3_0,4
2016/9/3 5:09,Transformer,Planned Operations,,2016_Sep_3_1,4
2016/9/4 8:56,Line,Planned Operations,,2016_Sep_4_0,4
2016/9/4 8:56,Transformer,Planned Operations,,2016_Sep_4_1,4
2016/9/6 15:00,Line,Planned Service,,2016_Sep_6_6,4
2016/9/6 15:00,Transformer,Planned Service,,2016_Sep_6_8,4
2016/9/6 15:00,Line,Planned Service,,2016_Sep_6_7,4
2016/9/7 5:15,Line,Planned Operations,,2016_Sep_7_1,4
2016/9/7 5:15,Transformer,Planned Operations,,2016_Sep_7_2,4
2016/9/8 5:07,Line,Planned Operations,,2016_Sep_8_1,4
2016/9/8 5:07,Transformer,Planned Operations,,2016_Sep_8_2,4
2016/9/8 13:32,Line,Planned Service,,2016_Sep_8_7,4
2016/9/8 13:32,Transformer,Planned Service,,2016_Sep_8_8,4
2016/9/8 15:30,Line,Planned Service,,2016_Sep_8_13,4
2016/9/8 15:30,Transformer,Planned Service,,2016_Sep_8_14,4
2016/9/8 17:40,Line,Planned Service,,2016_Sep_8_18,4
2016/9/8 17:40,Transformer,Planned Service,,2016_Sep_8_19,4
2016/9/8 22:00,Line,Planned Service,,2016_Sep_8_20,4
2016/9/8 22:00,Transformer,Planned Service,,2016_Sep_8_21,4
2016/9/9 5:51,Transformer,Planned Operations,,2016_Sep_9_1,4
2016/9/9 5:51,Line,Planned Operations,,2016_Sep_9_0,4
2016/9/10 5:51,Transformer,Planned Operations,,2016_Sep_10_1,4
2016/9/10 5:51,Line,Planned Operations,,2016_Sep_10_0,4
2016/9/10 17:19,Frequency,,,2016_Sep_10_7,5
2016/9/10 17:19,Frequency,,,2016_Sep_10_8,5
2016/9/10 17:19,Line,Equipment,Protection,2016_Sep_10_6,5
2016/9/12 15:06,Line,Planned Service,,2016_Sep_12_15,4
2016/9/12 15:06,Transformer,Planned Service,,2016_Sep_12_16,4
2016/9/12 15:18,Line,Planned Service,,2016_Sep_12_17,4
2016/9/12 15:18,Transformer,Planned Service,,2016_Sep_12_19,4
2016/9/12 15:18,Transformer,Planned Service,,2016_Sep_12_18,4
2016/9/12 16:27,Line,Planned Service,,2016_Sep_12_25,4
2016/9/12 16:27,Transformer,Planned Service,,2016_Sep_12_26,4
2016/9/12 17:15,Line,Planned Service,,2016_Sep_12_28,4
2016/9/12 17:15,Transformer,Planned Service,,2016_Sep_12_30,4
2016/9/12 17:15,Line,Planned Service,,2016_Sep_12_29,4
2016/9/13 8:39,Line,Trip,C-G,2016_Sep_13_7,4
2016/9/13 8:39,Transformer,Trip,Sympathetic,2016_Sep_13_8,4
2016/9/19 14:15,Transformer,Planned Operations,Sympathetic,2016_Sep_19_5,4
2016/9/19 14:15,Transformer,Planned Operations,Sympathetic,2016_Sep_19_6,4
2016/9/19 14:15,Line,Planned Service,,2016_Sep_19_7,4
2016/9/19 15:30,Line,Planned Service,,2016_Sep_19_12,4
2016/9/19 15:30,Transformer,Planned Service,,2016_Sep_19_13,4
2016/9/19 15:30,Transformer,Planned Service,,2016_Sep_19_14,4
2016/9/19 19:04,Transformer,Planned Service,,2016_Sep_19_21,4
2016/9/19 19:04,Line,Planned Service,,2016_Sep_19_20,4
2016/9/20 15:23,Line,Planned Operations,,2016_Sep_20_10,4
2016/9/20 15:23,Transformer,Planned Service,,2016_Sep_20_12,4
2016/9/20 15:23,Line,Planned Service,,2016_Sep_20_11,4
2016/10/7 15:24,Line,Planned Service,,2016_Oct_7_4,4
2016/10/7 15:24,Line,Planned Service,,2016_Oct_7_3,4
2016/10/7 15:24,Line,Planned Service,,2016_Oct_7_5,4
2016/10/7 15:24,Line,Planned Service,,2016_Oct_7_6,4
2016/10/7 15:24,Transformer,Planned Service,,2016_Oct_7_7,4
2016/10/7 15:25,Line,Planned Service,,2016_Oct_7_8,4
2016/10/7 15:25,Transformer,Planned Service,,2016_Oct_7_10,4
2016/10/7 15:25,Line,Planned Service,,2016_Oct_7_9,4
2016/10/10 9:51,Line,Planned Operations,,2016_Oct_10_0,4
2016/10/10 9:51,Transformer,Planned Operations,,2016_Oct_10_1,4
2016/10/11 6:26,Line,Planned Operations,,2016_Oct_11_0,4
2016/10/11 6:26,Transformer,Planned Operations,,2016_Oct_11_1,4
2016/10/11 14:05,Line,Planned Service,,2016_Oct_11_5,4
2016/10/11 14:05,Transformer,Planned Service,,2016_Oct_11_6,4
2016/10/12 14:39,Line,Planned Service,,2016_Oct_12_5,4
2016/10/12 14:39,Transformer,Planned Service,,2016_Oct_12_6,4
2016/10/12 19:49,Line,Planned Service,,2016_Oct_12_8,4
2016/10/12 19:49,Transformer,Planned Service,,2016_Oct_12_9,4
2016/10/13 21:01,Line,Planned Operations,,2016_Oct_13_10,4
2016/10/13 21:01,Line,Planned Service,,2016_Oct_13_11,4
2016/10/13 21:01,Transformer,Planned Service,,2016_Oct_13_12,4
2016/10/14 14:21,Transformer,Planned Service,,2016_Oct_14_6,4
2016/10/14 14:21,Line,Planned Service,,2016_Oct_14_5,4
2016/10/14 20:05,Line,Trip,Sympathetic,2016_Oct_14_20,4
2016/10/14 20:05,Transformer,Trip,Sympathetic,2016_Oct_14_21,4
2016/10/15 16:23,Transformer,Planned Service,,2016_Oct_15_8,4
2016/10/15 16:23,Transformer,Planned Service,,2016_Oct_15_9,4
2016/10/15 16:23,Line,Planned Service,,2016_Oct_15_7,4
2016/10/17 15:01,Transformer,Planned Service,,2016_Oct_17_7,4
2016/10/17 15:01,Line,Planned Service,,2016_Oct_17_6,4
2016/10/17 15:01,Line,Planned Service,,2016_Oct_17_5,4
2016/10/17 15:01,Line,Planned Service,,2016_Oct_17_4,4
2016/10/17 15:16,Line,Planned Operations,Human Error,2016_Oct_17_11,4
2016/10/17 15:16,Transformer,Planned Service,,2016_Oct_17_12,4
2016/10/17 18:02,Transformer,Planned Service,,2016_Oct_17_20,4
2016/10/17 18:02,Line,Planned Service,,2016_Oct_17_19,4
2016/10/17 18:07,Transformer,Planned Service,,2016_Oct_17_22,4
2016/10/17 18:07,Line,Planned Service,,2016_Oct_17_21,4
2016/10/18 14:34,Line,Planned Service,,2016_Oct_18_9,4
2016/10/18 14:34,Line,Planned Service,,2016_Oct_18_8,4
2016/10/18 14:34,Transformer,Planned Service,,2016_Oct_18_10,4
2016/10/21 7:58,Line,Trip,Sympathetic,2016_Oct_21_2,7
2016/10/21 7:58,Transformer,Trip,Sympathetic,2016_Oct_21_7,7
2016/10/21 7:58,Transformer,Trip,Sympathetic,2016_Oct_21_6,7
2016/10/21 7:58,Line,Trip,,2016_Oct_21_5,7
2016/10/21 7:58,Frequency,,,2016_Oct_21_8,7
2016/10/21 7:58,Line,Trip,Sympathetic,2016_Oct_21_4,7
2016/10/21 7:58,Transformer,Equipment,Protection,2016_Oct_21_1,7
2016/10/21 7:58,Line,Trip,Sympathetic,2016_Oct_21_3,7
2016/10/24 13:30,Transformer,Planned Service,,2016_Oct_24_5,4
2016/10/24 13:30,Line,Planned Service,,2016_Oct_24_3,4
2016/10/24 13:30,Line,Planned Service,,2016_Oct_24_4,4
2016/10/24 14:14,Transformer,Planned Service,,2016_Oct_24_9,4
2016/10/24 14:14,Line,Planned Service,,2016_Oct_24_8,4
2016/10/24 15:04,Transformer,Planned Service,,2016_Oct_24_11,4
2016/10/24 15:04,Line,Planned Service,,2016_Oct_24_10,4
2016/10/26 9:32,Line,Planned Operations,,2016_Oct_26_0,4
2016/10/26 9:32,Transformer,Planned Operations,,2016_Oct_26_1,4
2016/10/27 8:26,Transformer,Planned Operations,,2016_Oct_27_2,4
2016/10/27 8:26,Line,Planned Operations,,2016_Oct_27_1,4
2016/10/27 15:29,Transformer,Planned Service,,2016_Oct_27_6,4
2016/10/27 15:29,Line,Planned Service,,2016_Oct_27_5,4
2016/10/29 8:02,Line,Planned Operations,,2016_Oct_29_5,4
2016/10/29 8:02,Transformer,Planned Operations,,2016_Oct_29_6,4
2016/10/31 3:05,Line,Lightning,A-C-G,2016_Oct_31_0,4
2016/10/31 3:05,Transformer,Lightning,,2016_Oct_31_1,4
2016/10/31 19:47,Transformer,Planned Operations,,2016_Oct_31_12,4
2016/10/31 19:47,Line,Planned Operations,,2016_Oct_31_11,4
2016/11/1 14:32,Line,Planned Service,,2016_Nov_1_4,4
2016/11/1 14:32,Transformer,Planned Service,,2016_Nov_1_5,4
2016/11/2 7:56,Transformer,Planned Operations,,2016_Nov_2_1,4
2016/11/2 7:56,Line,Planned Operations,,2016_Nov_2_0,4
2016/11/3 7:45,Transformer,Planned Operations,,2016_Nov_3_2,4
2016/11/3 7:45,Line,Planned Operations,,2016_Nov_3_1,4
2016/11/4 6:46,Transformer,Planned Operations,,2016_Nov_4_1,4
2016/11/4 6:46,Line,Planned Operations,,2016_Nov_4_0,4
2016/11/5 6:04,Line,Planned Operations,,2016_Nov_5_0,4
2016/11/5 6:04,Transformer,Planned Operations,,2016_Nov_5_1,4
2016/11/6 9:40,Frequency,,,2016_Nov_6_8,5
2016/11/6 9:40,Line,Trip,,2016_Nov_6_7,5
2016/11/7 6:25,Line,Planned Operations,,2016_Nov_7_0,4
2016/11/7 6:25,Transformer,Planned Operations,,2016_Nov_7_1,4
2016/11/7 15:29,Line,Planned Service,,2016_Nov_7_4,4
2016/11/7 15:29,Transformer,Planned Service,,2016_Nov_7_5,4
2016/11/8 9:08,Transformer,Planned Operations,,2016_Nov_8_2,4
2016/11/8 9:08,Line,Planned Operations,,2016_Nov_8_1,4
2016/11/8 15:04,Line,Planned Service,,2016_Nov_8_3,7
2016/11/8 15:04,Transformer,Planned Service,,2016_Nov_8_4,7
2016/11/8 15:04,Frequency,,,2016_Nov_8_5,7
2016/11/9 15:06,Line,Planned Service,,2016_Nov_9_1,4
2016/11/9 15:06,Transformer,Planned Service,,2016_Nov_9_2,4
2016/11/9 15:12,Transformer,Planned Service,,2016_Nov_9_4,4
2016/11/9 15:12,Line,Planned Service,,2016_Nov_9_3,4
2016/11/13 23:03,Transformer,Planned Operations,,2016_Nov_13_2,4
2016/11/13 23:03,Line,Planned Operations,,2016_Nov_13_1,4
2016/11/15 17:43,Transformer,Planned Service,,2016_Nov_15_7,4
2016/11/15 17:43,Line,Planned Service,,2016_Nov_15_6,4
2016/11/16 15:37,Line,Planned Testing,,2016_Nov_16_4,4
2016/11/16 15:37,Transformer,Planned Testing,,2016_Nov_16_5,4
2016/11/16 19:54,Line,Equipment,Protection,2016_Nov_16_11,5
2016/11/16 19:54,Line,Trip,C-G,2016_Nov_16_12,5
2016/11/16 19:54,Frequency,,,2016_Nov_16_13,5
2016/11/16 19:54,Line,Equipment,Protection,2016_Nov_16_10,5
2016/11/17 9:41,Transformer,Trip,,2016_Nov_17_1,4
2016/11/17 9:41,Line,Trip,,2016_Nov_17_0,4
2016/12/3 10:41,Transformer,Trip,,2016_Dec_3_2,4
2016/12/3 10:41,Line,Trip,DC,2016_Dec_3_1,4
2016/12/3 15:01,Transformer,Planned Service,,2016_Dec_3_4,4
2016/12/3 15:01,Line,Planned Service,,2016_Dec_3_3,4
2016/12/5 16:00,Transformer,Planned Service,,2016_Dec_5_2,4
2016/12/5 16:00,Line,Planned Service,,2016_Dec_5_1,4
2016/12/5 16:08,Transformer,Planned Service,,2016_Dec_5_4,4
2016/12/5 16:08,Line,Planned Service,,2016_Dec_5_3,4
2016/12/6 12:17,Line,Trip,Sympathetic,2016_Dec_6_1,4
2016/12/6 12:17,Line,Trip,Sympathetic,2016_Dec_6_2,4
2016/12/6 12:17,Transformer,Equipment,,2016_Dec_6_0,4
2016/12/6 17:21,Line,Trip,,2016_Dec_6_7,4
2016/12/6 17:21,Transformer,Trip,,2016_Dec_6_9,4
2016/12/6 17:21,Transformer,Trip,,2016_Dec_6_8,4
2016/12/7 9:02,Line,Planned Operations,,2016_Dec_7_4,4
2016/12/7 9:02,Line,Planned Operations,,2016_Dec_7_5,4
2016/12/7 9:02,Transformer,Planned Operations,,2016_Dec_7_6,4
2016/12/7 18:53,Line,Proximity,,2016_Dec_7_14,4
2016/12/7 18:53,Transformer,Proximity,,2016_Dec_7_15,4
2016/12/12 16:02,Transformer,Planned Service,,2016_Dec_12_7,4
2016/12/12 16:02,Line,Planned Service,,2016_Dec_12_6,4
2016/12/12 18:51,Line,Planned Service,,2016_Dec_12_10,4
2016/12/12 18:51,Transformer,Planned Service,,2016_Dec_12_11,4
2016/12/13 16:30,Line,Planned Service,,2016_Dec_13_13,4
2016/12/13 16:30,Transformer,Planned Service,,2016_Dec_13_14,4
2016/12/13 16:30,Line,Planned Service,,2016_Dec_13_11,4
2016/12/13 16:30,Line,Planned Service,,2016_Dec_13_12,4
2016/12/13 16:30,Transformer,Planned Service,,2016_Dec_13_15,4
2016/12/15 15:46,Transformer,Planned Service,,2016_Dec_15_11,4
2016/12/15 15:46,Line,Planned Service,,2016_Dec_15_10,4
2016/12/17 2:10,Line,Equipment,Protection,2016_Dec_17_1,4
2016/12/17 2:10,Transformer,Trip,Sympathetic,2016_Dec_17_2,4
2016/12/17 2:10,Line,Equipment,Protection,2016_Dec_17_0,4
2016/12/18 19:24,Line,Equipment,Protection,2016_Dec_18_1,5
2016/12/18 19:24,Frequency,,,2016_Dec_18_6,5
2016/12/18 19:24,Line,Trip,Sympathetic,2016_Dec_18_4,5
2016/12/18 19:24,Line,Trip,Sympathetic,2016_Dec_18_3,5
2016/12/18 19:24,Line,Ice,B-G,2016_Dec_18_2,5
2016/12/18 19:24,Line,Trip,Sympathetic,2016_Dec_18_5,5
2016/12/20 0:03,Line,Equipment,Protection,2016_Dec_20_0,5
2016/12/20 0:03,Frequency,,,2016_Dec_20_2,5
2016/12/20 0:03,Line,Planned Service,Sympathetic,2016_Dec_20_1,5
2016/12/21 21:30,Line,Planned Operations,Human Error,2016_Dec_21_6,4
2016/12/21 21:30,Transformer,Planned Operations,Human Error,2016_Dec_21_7,4
2016/12/21 21:30,Line,Planned Operations,,2016_Dec_21_5,4
2016/12/25 14:10,Transformer,Trip,,2016_Dec_25_1,4
2016/12/25 14:10,Line,Trip,DC,2016_Dec_25_0,4
2016/12/28 18:12,Transformer,Planned Service,,2016_Dec_28_3,4
2016/12/28 18:12,Line,Planned Service,,2016_Dec_28_2,4
2017/1/3 15:22,Transformer,Planned Service,,2017_Jan_3_3,4
2017/1/3 15:22,Transformer,Planned Service,,2017_Jan_3_4,4
2017/1/3 15:22,Line,Planned Service,,2017_Jan_3_2,4
2017/1/3 16:30,Transformer,Planned Service,,2017_Jan_3_7,4
2017/1/3 16:30,Line,Planned Service,,2017_Jan_3_6,4
2017/1/4 20:20,Transformer,Planned Operations,,2017_Jan_4_14,4
2017/1/4 20:20,Line,Planned Operations,,2017_Jan_4_13,4
2017/1/7 12:39,Transformer,Trip,,2017_Jan_7_1,4
2017/1/7 12:39,Line,Trip,DC,2017_Jan_7_0,4
2017/1/9 4:56,Transformer,Trip,,2017_Jan_9_1,4
2017/1/9 4:56,Line,Trip,DC,2017_Jan_9_0,4
2017/1/10 3:46,Line,Lightning,,2017_Jan_10_2,4
2017/1/10 3:46,Transformer,Lightning,,2017_Jan_10_3,4
2017/1/10 15:59,Line,Planned Service,,2017_Jan_10_6,4
2017/1/10 15:59,Transformer,Planned Service,,2017_Jan_10_7,4
2017/1/11 18:41,Line,Planned Service,,2017_Jan_11_3,4
2017/1/11 18:41,Transformer,Planned Service,,2017_Jan_11_4,4
2017/1/12 10:51,Transformer,Trip,,2017_Jan_12_2,4
2017/1/12 10:51,Line,Trip,DC,2017_Jan_12_1,4
2017/1/12 18:54,Line,Planned Service,,2017_Jan_12_5,4
2017/1/12 18:54,Transformer,Planned Service,,2017_Jan_12_6,4
2017/1/28 7:01,Line,Trip,A-G,2017_Jan_28_2,5
2017/1/28 7:01,Frequency,,,2017_Jan_28_3,5
2017/2/2 14:53,Line,Wind,P-G,2017_Feb_2_2,4
2017/2/2 14:53,Line,Wind,,2017_Feb_2_3,4
2017/2/2 14:53,Transformer,Wind,,2017_Feb_2_4,4
2017/2/2 19:19,Line,Planned Service,,2017_Feb_2_6,4
2017/2/2 19:19,Transformer,Planned Service,,2017_Feb_2_7,4
2017/2/3 18:51,Line,Planned Service,,2017_Feb_3_2,4
2017/2/3 18:51,Line,Planned Service,,2017_Feb_3_3,4
2017/2/3 18:51,Line,Planned Service,,2017_Feb_3_5,4
2017/2/3 18:51,Transformer,Planned Service,,2017_Feb_3_6,4
2017/2/3 18:51,Line,Planned Service,,2017_Feb_3_4,4
2017/2/3 18:51,Line,Planned Service,,2017_Feb_3_1,4
2017/2/3 19:17,Transformer,Planned Service,,2017_Feb_3_12,4
2017/2/3 19:17,Line,Planned Service,,2017_Feb_3_11,4
2017/2/3 19:17,Line,Planned Service,,2017_Feb_3_10,4
2017/2/3 19:17,Line,Planned Service,,2017_Feb_3_9,4
2017/2/3 19:17,Line,Planned Service,,2017_Feb_3_8,4
2017/2/3 19:17,Line,Planned Service,,2017_Feb_3_7,4
2017/2/6 16:07,Transformer,Planned Service,,2017_Feb_6_16,4
2017/2/6 16:07,Line,Planned Service,,2017_Feb_6_15,4
2017/2/11 4:37,Line,Planned Operations,Sympathetic,2017_Feb_11_0,4
2017/2/11 4:37,Transformer,Planned Service,,2017_Feb_11_1,4
2017/2/15 23:39,Line,Planned Operations,,2017_Feb_15_7,4
2017/2/15 23:39,Transformer,Planned Operations,,2017_Feb_15_8,4
2017/2/16 7:19,Frequency,,,2017_Feb_16_4,5
2017/2/16 7:19,Line,Trip,,2017_Feb_16_3,5
2017/2/22 16:20,Transformer,Planned Service,,2017_Feb_22_5,4
2017/2/22 16:20,Line,Planned Service,,2017_Feb_22_4,4
2017/3/1 16:45,Transformer,Planned Service,,2017_Mar_1_5,4
2017/3/1 16:45,Line,Planned Service,,2017_Mar_1_4,4
2017/3/2 15:30,Transformer,Planned Service,,2017_Mar_2_1,4
2017/3/2 15:30,Line,Planned Service,,2017_Mar_2_0,4
2017/3/6 13:32,Frequency,,,2017_Mar_6_1,5
2017/3/6 13:32,Line,Equipment,C-G,2017_Mar_6_0,5
2017/3/6 15:02,Transformer,Planned Service,,2017_Mar_6_6,4
2017/3/6 15:02,Transformer,Planned Service,,2017_Mar_6_7,4
2017/3/6 15:02,Line,Planned Operations,,2017_Mar_6_5,4
2017/3/6 16:01,Line,Planned Service,,2017_Mar_6_11,4
2017/3/6 16:01,Transformer,Planned Service,,2017_Mar_6_12,4
2017/3/7 16:01,Line,Planned Service,,2017_Mar_7_6,4
2017/3/7 16:01,Transformer,Planned Service,,2017_Mar_7_7,4
2017/3/7 16:16,Line,Planned Service,,2017_Mar_7_8,4
2017/3/7 16:16,Transformer,Planned Service,,2017_Mar_7_9,4
2017/3/8 3:23,Line,Trip,3P,2017_Mar_8_8,5
2017/3/8 3:23,Line,Trip,Sympathetic,2017_Mar_8_5,5
2017/3/8 3:23,Line,Trip,Sympathetic,2017_Mar_8_4,5
2017/3/8 3:23,Line,Trip,Sympathetic,2017_Mar_8_6,5
2017/3/8 3:23,Line,Trip,Sympathetic,2017_Mar_8_3,5
2017/3/8 3:23,Line,Trip,Sympathetic,2017_Mar_8_7,5
2017/3/8 3:23,Frequency,,,2017_Mar_8_9,5
2017/3/8 3:23,Line,Planned Service,,2017_Mar_8_1,5
2017/3/8 3:23,Line,Trip,Sympathetic,2017_Mar_8_2,5
2017/3/8 3:23,Line,Equipment,Protection,2017_Mar_8_0,5
2017/3/27 13:47,Transformer,Planned Service,,2017_Mar_27_4,4
2017/3/27 13:47,Line,Planned Service,,2017_Mar_27_3,4
2017/3/27 15:04,Line,Planned Service,,2017_Mar_27_9,4
2017/3/27 15:04,Transformer,Planned Service,,2017_Mar_27_11,4
2017/3/27 15:04,Line,Planned Service,,2017_Mar_27_8,4
2017/3/27 15:04,Transformer,Planned Service,,2017_Mar_27_15,4
2017/3/27 15:04,Line,Planned Service,,2017_Mar_27_10,4
2017/3/27 15:04,Transformer,Planned Service,,2017_Mar_27_13,4
2017/3/27 15:04,Transformer,Planned Service,,2017_Mar_27_12,4
2017/3/27 15:04,Transformer,Planned Service,,2017_Mar_27_14,4
2017/3/27 15:06,Line,Planned Service,,2017_Mar_27_17,4
2017/3/27 15:06,Transformer,Planned Service,,2017_Mar_27_18,4
2017/3/27 15:06,Line,Planned Service,,2017_Mar_27_16,4
2017/3/28 6:36,Transformer,Trip,,2017_Mar_28_2,7
2017/3/28 6:36,Frequency,,,2017_Mar_28_3,7
2017/3/28 6:36,Line,Trip,,2017_Mar_28_1,7
2017/3/28 14:06,Line,Planned Service,,2017_Mar_28_9,4
2017/3/28 14:06,Transformer,Planned Service,,2017_Mar_28_11,4
2017/3/28 14:06,Transformer,Planned Service,,2017_Mar_28_10,4
2017/3/28 21:06,Line,Planned Service,,2017_Mar_28_17,7
2017/3/28 21:06,Frequency,,,2017_Mar_28_20,7
2017/3/28 21:06,Transformer,Planned Operations,Sympathetic,2017_Mar_28_16,7
2017/3/28 21:06,Line,RAS,,2017_Mar_28_18,7
2017/3/28 21:06,Line,Trip,,2017_Mar_28_19,7
2017/3/31 17:06,Line,Planned Service,,2017_Mar_31_3,4
2017/3/31 17:06,Transformer,Planned Service,,2017_Mar_31_4,4
2017/3/31 18:15,Transformer,Planned Service,,2017_Mar_31_6,4
2017/3/31 18:15,Line,Planned Service,,2017_Mar_31_5,4
2017/3/31 18:27,Frequency,,,2017_Mar_31_8,5
2017/3/31 18:27,Line,Planned Operations,,2017_Mar_31_7,5
2017/4/3 19:18,Transformer,Planned Service,,2017_Apr_3_11,4
2017/4/3 19:18,Line,Planned Service,,2017_Apr_3_10,4
2017/4/4 14:56,Transformer,Planned Operations,Sympathetic,2017_Apr_4_4,4
2017/4/4 14:56,Line,Planned Service,,2017_Apr_4_5,4
2017/4/7 5:52,Transformer,Contamination,,2017_Apr_7_0,7
2017/4/7 5:52,Frequency,,,2017_Apr_7_2,7
2017/4/7 5:52,Line,Trip,DC,2017_Apr_7_1,7
2017/4/7 21:06,Frequency,,,2017_Apr_7_23,5
2017/4/7 21:06,Line,Lightning,,2017_Apr_7_22,5
2017/4/7 22:08,Line,Planned Service,,2017_Apr_7_24,4
2017/4/7 22:08,Transformer,Planned Service,,2017_Apr_7_25,4
2017/4/10 14:03,Line,Planned Service,,2017_Apr_10_4,4
2017/4/10 14:03,Transformer,Planned Service,,2017_Apr_10_5,4
2017/4/10 14:03,Line,Planned Service,,2017_Apr_10_3,4
2017/4/10 15:00,Line,Planned Service,,2017_Apr_10_7,4
2017/4/10 15:00,Transformer,Planned Service,,2017_Apr_10_8,4
2017/4/10 15:00,Transformer,Planned Service,,2017_Apr_10_9,4
2017/4/11 15:38,Transformer,Planned Service,,2017_Apr_11_7,4
2017/4/11 15:38,Line,Planned Service,,2017_Apr_11_6,4
2017/4/11 15:45,Transformer,Planned Service,,2017_Apr_11_9,4
2017/4/11 15:45,Line,Planned Service,,2017_Apr_11_8,4
2017/4/11 19:37,Transformer,Planned Operations,Human Error,2017_Apr_11_13,4
2017/4/11 19:37,Line,Planned Operations,,2017_Apr_11_12,4
2017/4/14 16:34,Line,RAS,,2017_Apr_14_6,5
2017/4/14 16:34,Line,RAS,,2017_Apr_14_8,5
2017/4/14 16:34,Line,Trip,Sympathetic,2017_Apr_14_9,5
2017/4/14 16:34,Frequency,,,2017_Apr_14_10,5
2017/4/14 16:34,Line,RAS,,2017_Apr_14_7,5
2017/4/14 16:34,Line,RAS,,2017_Apr_14_5,5
2017/4/17 16:04,Transformer,Planned Service,,2017_Apr_17_8,4
2017/4/17 16:04,Line,Planned Service,,2017_Apr_17_7,4
2017/4/18 15:44,Transformer,Planned Service,,2017_Apr_18_7,4
2017/4/18 15:44,Line,Planned Service,,2017_Apr_18_6,4
2017/4/19 14:14,Line,Planned Service,,2017_Apr_19_0,4
2017/4/19 14:14,Transformer,Planned Service,,2017_Apr_19_1,4
2017/4/22 2:34,Frequency,,,2017_Apr_22_1,5
2017/4/22 2:34,Line,Trip,,2017_Apr_22_0,5
2017/4/23 9:54,Line,Trip,,2017_Apr_23_0,7
2017/4/23 9:54,Transformer,Trip,,2017_Apr_23_1,7
2017/4/23 9:54,Frequency,,,2017_Apr_23_2,7
2017/4/24 15:37,Line,Planned Service,,2017_Apr_24_8,4
2017/4/24 15:37,Transformer,Planned Service,,2017_Apr_24_9,4
2017/4/25 14:37,Line,Planned Service,,2017_Apr_25_4,4
2017/4/25 14:37,Transformer,Planned Service,,2017_Apr_25_5,4
2017/4/25 16:39,Line,Planned Service,,2017_Apr_25_8,4
2017/4/25 16:39,Transformer,Planned Service,,2017_Apr_25_9,4
2017/4/26 17:00,Transformer,Planned Service,,2017_Apr_26_6,4
2017/4/26 17:00,Line,Planned Service,,2017_Apr_26_5,4
2017/4/26 18:28,Line,Planned Service,,2017_Apr_26_8,4
2017/4/26 18:28,Transformer,Planned Service,,2017_Apr_26_9,4
2017/5/4 12:33,Line,Trip,,2017_May_4_1,7
2017/5/4 12:33,Transformer,Trip,Sympathetic,2017_May_4_2,7
2017/5/4 12:33,Frequency,,,2017_May_4_3,7
2017/5/4 23:30,Transformer,Trip,Sympathetic,2017_May_4_15,4
2017/5/4 23:30,Line,Lightning,,2017_May_4_14,4
2017/5/4 23:53,Frequency,,,2017_May_4_17,5
2017/5/4 23:53,Line,Lightning,B-G,2017_May_4_16,5
2017/5/19 19:57,Line,Planned Service,,2017_May_19_2,7
2017/5/19 19:57,Frequency,,,2017_May_19_3,7
2017/5/19 19:57,Transformer,Equipment,Protection,2017_May_19_1,7
2017/5/19 20:30,Transformer,Planned Operations,Sympathetic,2017_May_19_5,4
2017/5/19 20:30,Line,Planned Operations,Sympathetic,2017_May_19_4,4
2017/5/21 3:36,Transformer,Planned Operations,,2017_May_21_1,4
2017/5/21 3:36,Line,Planned Operations,Sympathetic,2017_May_21_0,4
2017/5/22 15:04,Transformer,Planned Service,,2017_May_22_9,4
2017/5/22 15:04,Transformer,Planned Service,,2017_May_22_10,4
2017/5/22 15:04,Line,Planned Service,,2017_May_22_8,4
2017/5/24 8:22,Frequency,,,2017_May_24_4,7
2017/5/24 8:22,Transformer,Trip,Sympathetic,2017_May_24_3,7
2017/5/24 8:22,Line,Trip,DC,2017_May_24_2,7
2017/5/25 10:17,Transformer,Trip,Sympathetic,2017_May_25_2,7
2017/5/25 10:17,Frequency,,,2017_May_25_3,7
2017/5/25 10:17,Line,Trip,,2017_May_25_1,7
2017/5/25 10:21,Transformer,Planned Operations,,2017_May_25_5,4
2017/5/25 10:21,Line,Planned Operations,,2017_May_25_4,4
2017/5/26 10:36,Transformer,Trip,Sympathetic,2017_May_26_3,4
2017/5/26 10:36,Line,Trip,,2017_May_26_2,4
2017/5/26 16:36,Frequency,,,2017_May_26_7,5
2017/5/26 16:36,Line,Trip,A-G,2017_May_26_6,5
2017/5/28 8:48,Transformer,Trip,,2017_May_28_1,7
2017/5/28 8:48,Line,Trip,DC,2017_May_28_0,7
2017/5/28 8:48,Frequency,,,2017_May_28_2,7
2017/5/28 21:13,Line,Trip,DC,2017_May_28_3,4
2017/5/28 21:13,Transformer,Trip,,2017_May_28_4,4
2017/5/29 23:26,Line,Lightning,A-G,2017_May_29_2,5
2017/5/29 23:26,Frequency,,,2017_May_29_3,5
2017/5/29 23:26,Line,Lightning,A-G,2017_May_29_1,5
2017/5/30 10:26,Line,Trip,,2017_May_30_1,7
2017/5/30 10:26,Frequency,,,2017_May_30_3,7
2017/5/30 10:26,Transformer,Trip,,2017_May_30_2,7
2017/5/30 14:23,Line,Trip,Sympathetic,2017_May_30_6,4
2017/5/30 14:23,Transformer,Equipment,Protection,2017_May_30_5,4
2017/5/30 17:17,Transformer,Planned Service,,2017_May_30_11,4
2017/5/30 17:17,Line,Planned Service,,2017_May_30_10,4
2017/5/31 14:41,Transformer,Planned Service,,2017_May_31_4,4
2017/5/31 14:41,Line,Planned Service,,2017_May_31_3,4
2017/6/1 16:41,Frequency,,,2017_Jun_1_9,5
2017/6/1 16:41,Line,Tree,,2017_Jun_1_8,5
2017/6/2 10:40,Transformer,Planned Operations,,2017_Jun_2_1,4
2017/6/2 10:40,Line,Planned Operations,,2017_Jun_2_0,4
2017/6/4 10:00,Transformer,Planned Service,,2017_Jun_4_8,4
2017/6/4 10:00,Transformer,Planned Service,,2017_Jun_4_9,4
2017/6/4 10:00,Line,Planned Service,,2017_Jun_4_7,4
2017/6/4 10:00,Line,Planned Service,,2017_Jun_4_6,4
2017/6/5 2:10,Transformer,Planned Service,,2017_Jun_5_1,4
2017/6/5 2:10,Line,Planned Service,,2017_Jun_5_0,4
2017/6/5 14:00,Transformer,Planned Service,,2017_Jun_5_6,4
2017/6/5 14:00,Line,Planned Service,,2017_Jun_5_5,4
2017/6/5 15:55,Line,Planned Service,,2017_Jun_5_10,4
2017/6/5 15:55,Transformer,Planned Service,,2017_Jun_5_11,4
2017/6/5 16:08,Line,Planned Operations,,2017_Jun_5_13,4
2017/6/5 16:08,Transformer,Planned Operations,,2017_Jun_5_14,4
2017/6/5 21:21,Line,Trip,DC,2017_Jun_5_25,7
2017/6/5 21:21,Frequency,,,2017_Jun_5_26,7
2017/6/5 21:21,Transformer,Equipment,Protection,2017_Jun_5_24,7
2017/6/6 22:07,Line,Planned Service,,2017_Jun_6_7,4
2017/6/6 22:07,Transformer,Planned Service,,2017_Jun_6_8,4
2017/6/8 20:12,Frequency,,,2017_Jun_8_10,7
2017/6/8 20:12,Line,Trip,,2017_Jun_8_9,7
2017/6/8 20:12,Transformer,Lightning,,2017_Jun_8_8,7
2017/6/8 23:55,Frequency,,,2017_Jun_8_18,5
2017/6/8 23:55,Line,Lightning,"B-C-G, A-G",2017_Jun_8_17,5
2017/6/9 1:06,Transformer,Lightning,,2017_Jun_9_3,4
2017/6/9 1:06,Line,Lightning,,2017_Jun_9_2,4
2017/6/9 1:06,Transformer,Lightning,,2017_Jun_9_4,4
2017/6/12 0:03,Line,Trip,"A-G, 3P",2017_Jun_12_0,4
2017/6/12 0:03,Transformer,Trip,,2017_Jun_12_1,4
2017/6/12 14:01,Line,Planned Service,,2017_Jun_12_4,4
2017/6/12 14:01,Line,Planned Service,,2017_Jun_12_5,4
2017/6/12 14:01,Transformer,Planned Service,,2017_Jun_12_6,4
2017/6/12 14:24,Line,Planned Service,,2017_Jun_12_8,4
2017/6/12 14:24,Transformer,Planned Service,,2017_Jun_12_9,4
2017/6/12 16:25,Line,Planned Service,,2017_Jun_12_17,4
2017/6/12 16:25,Transformer,Planned Service,,2017_Jun_12_18,4
2017/6/12 17:49,Line,Planned Service,,2017_Jun_12_21,4
2017/6/12 17:49,Transformer,Planned Service,,2017_Jun_12_22,4
2017/6/14 22:42,Line,Trip,DC,2017_Jun_14_5,7
2017/6/14 22:42,Transformer,Equipment,Protection,2017_Jun_14_4,7
2017/6/14 22:42,Frequency,,,2017_Jun_14_6,7
2017/6/15 11:05,Line,Contamination,,2017_Jun_15_5,4
2017/6/15 11:05,Line,Contamination,,2017_Jun_15_6,4
2017/6/15 11:05,Transformer,Trip,,2017_Jun_15_8,4
2017/6/15 11:05,Line,Contamination,,2017_Jun_15_4,4
2017/6/15 11:05,Line,Trip,Sympathetic,2017_Jun_15_7,4
2017/6/15 14:22,Transformer,Planned Operations,Sympathetic,2017_Jun_15_13,4
2017/6/15 14:22,Line,Planned Operations,Sympathetic,2017_Jun_15_12,4
2017/6/16 12:14,Frequency,,,2017_Jun_16_6,7
2017/6/16 12:14,Transformer,Trip,,2017_Jun_16_5,7
2017/6/16 12:14,Line,Trip,DC,2017_Jun_16_4,7
2017/6/16 12:14,Line,Trip,Sympathetic,2017_Jun_16_2,7
2017/6/16 12:14,Line,RAS,,2017_Jun_16_1,7
2017/6/16 12:14,Transformer,Planned Service,,2017_Jun_16_0,7
2017/6/16 12:14,Line,Trip,,2017_Jun_16_3,7
2017/6/17 14:00,Transformer,Planned Service,,2017_Jun_17_5,4
2017/6/17 14:00,Line,Planned Service,,2017_Jun_17_3,4
2017/6/17 14:00,Line,Planned Service,,2017_Jun_17_4,4
2017/6/19 14:17,Transformer,Planned Service,,2017_Jun_19_2,4
2017/6/19 14:17,Transformer,Planned Service,,2017_Jun_19_1,4
2017/6/19 14:17,Line,Planned Service,,2017_Jun_19_0,4
2017/6/19 15:41,Transformer,Planned Operations,,2017_Jun_19_12,4
2017/6/19 15:41,Line,Planned Operations,,2017_Jun_19_11,4
2017/6/20 2:22,Transformer,Planned Operations,Sympathetic,2017_Jun_20_1,4
2017/6/20 2:22,Line,Planned Operations,Sympathetic,2017_Jun_20_0,4
2017/6/20 14:21,Transformer,Planned Service,,2017_Jun_20_4,4
2017/6/20 14:21,Line,Planned Service,,2017_Jun_20_3,4
2017/6/21 15:26,Transformer,Planned Service,,2017_Jun_21_6,4
2017/6/21 15:26,Line,Planned Service,,2017_Jun_21_5,4
2017/6/22 14:16,Line,Planned Service,,2017_Jun_22_2,4
2017/6/22 14:16,Line,Planned Service,,2017_Jun_22_3,4
2017/6/22 14:16,Transformer,Planned Service,,2017_Jun_22_4,4
2017/6/22 14:16,Transformer,Planned Service,,2017_Jun_22_5,4
2017/6/22 14:16,Transformer,Planned Service,,2017_Jun_22_6,4
2017/6/22 15:21,Line,Contamination,,2017_Jun_22_8,4
2017/6/22 15:21,Line,Trip,Sympathetic,2017_Jun_22_10,4
2017/6/22 15:21,Line,Contamination,,2017_Jun_22_9,4
2017/6/22 15:21,Transformer,Trip,,2017_Jun_22_11,4
2017/6/23 17:40,Frequency,,,2017_Jun_23_7,5
2017/6/23 17:40,Line,Trip,,2017_Jun_23_6,5
2017/6/24 10:12,Transformer,Planned Service,,2017_Jun_24_3,4
2017/6/24 10:12,Line,Planned Service,,2017_Jun_24_1,4
2017/6/24 10:12,Line,Planned Service,,2017_Jun_24_0,4
2017/6/24 10:12,Transformer,Planned Service,,2017_Jun_24_2,4
2017/6/26 14:20,Line,Planned Operations,Sympathetic,2017_Jun_26_2,4
2017/6/26 14:20,Line,Trip,B-G,2017_Jun_26_4,4
2017/6/26 14:20,Transformer,Planned Operations,Sympathetic,2017_Jun_26_3,4
2017/6/27 1:42,Line,Lightning,,2017_Jun_27_2,5
2017/6/27 1:42,Frequency,,,2017_Jun_27_3,5
2017/6/27 2:31,Line,Lightning,,2017_Jun_27_6,4
2017/6/27 2:31,Transformer,Planned Service,,2017_Jun_27_7,4
2017/6/27 2:31,Line,Equipment,Protection,2017_Jun_27_5,4
2017/6/27 20:42,Line,Planned Service,,2017_Jun_27_19,4
2017/6/27 20:42,Transformer,Planned Service,,2017_Jun_27_20,4
2017/6/27 20:42,Line,Trip,Sympathetic,2017_Jun_27_21,4
2017/6/27 20:42,Line,Planned Service,,2017_Jun_27_18,4
2017/6/29 7:10,Line,Planned Service,,2017_Jun_29_4,4
2017/6/29 7:10,Transformer,Planned Operations,Sympathetic,2017_Jun_29_3,4
2017/6/29 7:10,Line,Planned Service,,2017_Jun_29_5,4
2017/6/29 7:10,Transformer,Planned Operations,Sympathetic,2017_Jun_29_2,4
2017/6/29 8:21,Line,Planned Service,,2017_Jun_29_9,4
2017/6/29 8:21,Line,Planned Service,,2017_Jun_29_8,4
2017/6/29 8:21,Transformer,Planned Operations,Sympathetic,2017_Jun_29_6,4
2017/6/29 8:21,Transformer,Planned Operations,Sympathetic,2017_Jun_29_7,4
2017/6/29 15:10,Line,Planned Service,,2017_Jun_29_11,4
2017/6/29 15:10,Transformer,Trip,Sympathetic,2017_Jun_29_12,4
2017/7/17 12:00,Line,Planned Service,,2017_Jul_17_0,4
2017/7/17 12:00,Transformer,Planned Service,,2017_Jul_17_1,4
2017/7/17 12:00,Transformer,Planned Service,,2017_Jul_17_2,4
2017/7/17 15:01,Line,Planned Service,,2017_Jul_17_9,4
2017/7/17 15:01,Transformer,Planned Service,,2017_Jul_17_10,4
2017/7/18 9:31,Transformer,Trip,,2017_Jul_18_2,4
2017/7/18 9:31,Line,Trip,,2017_Jul_18_1,4
2017/7/19 20:55,Line,Planned Service,,2017_Jul_19_5,4
2017/7/19 20:55,Transformer,Planned Service,,2017_Jul_19_6,4
2017/7/24 15:06,Transformer,Planned Service,,2017_Jul_24_8,4
2017/7/24 15:06,Line,Planned Service,,2017_Jul_24_6,4
2017/7/24 15:06,Line,Planned Service,,2017_Jul_24_7,4
2017/7/26 23:11,Line,Lightning,DC,2017_Jul_26_8,7
2017/7/26 23:11,Frequency,,,2017_Jul_26_10,7
2017/7/26 23:11,Transformer,Trip,Sympathetic,2017_Jul_26_9,7
2017/7/28 7:54,Transformer,Trip,,2017_Jul_28_1,4
2017/7/28 7:54,Line,Trip,,2017_Jul_28_0,4
2017/7/29 8:21,Transformer,Trip,,2017_Jul_29_2,4
2017/7/29 8:21,Line,Trip,,2017_Jul_29_1,4
2017/7/31 1:55,Frequency,,,2017_Jul_31_2,5
2017/7/31 1:55,Line,RAS,,2017_Jul_31_1,5
2017/7/31 1:55,Line,Fire/Smoke,C-G,2017_Jul_31_0,5
2017/7/31 14:22,Line,Planned Service,,2017_Jul_31_8,4
2017/7/31 14:22,Transformer,Planned Service,,2017_Jul_31_9,4
2017/8/1 12:57,Transformer,Equipment,Protection,2017_Aug_1_1,4
2017/8/1 12:57,Line,Planned Service,,2017_Aug_1_2,4
2017/8/2 13:55,Line,Planned Service,,2017_Aug_2_4,4
2017/8/2 13:55,Transformer,Planned Service,,2017_Aug_2_5,4
2017/8/2 19:51,Transformer,Planned Operations,Sympathetic,2017_Aug_2_9,4
2017/8/2 19:51,Line,Planned Service,,2017_Aug_2_11,4
2017/8/2 19:51,Line,Planned Service,,2017_Aug_2_10,4
2017/8/3 22:39,Line,Trip,Sympathetic,2017_Aug_3_11,4
2017/8/3 22:39,Transformer,Equipment,Protection,2017_Aug_3_10,4
2017/8/7 11:03,Transformer,Trip,Sympathetic,2017_Aug_7_3,4
2017/8/7 11:03,Line,Trip,,2017_Aug_7_2,4
2017/8/7 14:09,Transformer,Planned Operations,,2017_Aug_7_8,4
2017/8/7 14:09,Line,Planned Service,,2017_Aug_7_9,4
2017/8/9 0:23,Frequency,,,2017_Aug_9_3,5
2017/8/9 0:23,Line,Fire/Smoke,A-G,2017_Aug_9_2,5
2017/8/9 16:19,Transformer,Planned Operations,,2017_Aug_9_14,4
2017/8/9 16:19,Line,Planned Operations,,2017_Aug_9_13,4
2017/8/9 20:00,Transformer,Planned Operations,,2017_Aug_9_18,4
2017/8/9 20:00,Line,Planned Operations,Sympathetic,2017_Aug_9_17,4
2017/8/10 21:10,Transformer,Equipment,Protection,2017_Aug_10_7,4
2017/8/10 21:10,Line,Trip,,2017_Aug_10_8,4
2017/8/20 23:05,Frequency,,,2017_Aug_20_3,5
2017/8/20 23:05,Line,Planned Operations,,2017_Aug_20_2,5
2017/8/21 13:10,Transformer,Planned Service,,2017_Aug_21_7,4
2017/8/21 13:10,Transformer,Planned Operations,Sympathetic,2017_Aug_21_6,4
2017/8/21 13:10,Line,Planned Operations,,2017_Aug_21_5,4
2017/8/22 7:17,Line,Lightning,DC,2017_Aug_22_2,4
2017/8/22 7:17,Transformer,Trip,Sympathetic,2017_Aug_22_3,4
2017/9/11 13:23,Transformer,Planned Service,,2017_Sep_11_4,4
2017/9/11 13:23,Line,Planned Service,,2017_Sep_11_3,4
2017/9/11 13:23,Transformer,Planned Service,,2017_Sep_11_5,4
2017/9/11 13:57,Line,Planned Service,,2017_Sep_11_10,4
2017/9/11 13:57,Transformer,Planned Service,,2017_Sep_11_11,4
2017/9/11 20:02,Line,Planned Service,,2017_Sep_11_26,4
2017/9/11 20:02,Transformer,Planned Service,,2017_Sep_11_27,4
2017/9/14 19:28,Line,Equipment,Protection,2017_Sep_14_7,4
2017/9/14 19:28,Line,Lightning,,2017_Sep_14_8,4
2017/9/14 19:28,Line,Lightning,B-G,2017_Sep_14_9,4
2017/9/14 19:28,Line,Equipment,Protection,2017_Sep_14_6,4
2017/9/14 19:28,Transformer,Trip,Sympathetic,2017_Sep_14_10,4
2017/9/18 14:54,Line,Planned Operations,,2017_Sep_18_9,4
2017/9/18 14:54,Transformer,Planned Operations,,2017_Sep_18_10,4
2017/9/18 14:54,Line,Planned Service,,2017_Sep_18_11,4
2017/9/18 14:55,Line,Trip,Sympathetic,2017_Sep_18_13,4
2017/9/18 14:55,Transformer,Equipment,,2017_Sep_18_12,4
2017/9/18 16:25,Transformer,Planned Service,,2017_Sep_18_21,4
2017/9/18 16:25,Line,Planned Service,,2017_Sep_18_20,4
2017/9/18 16:53,Line,Planned Service,,2017_Sep_18_22,4
2017/9/18 16:53,Transformer,Planned Service,,2017_Sep_18_23,4
2017/9/19 10:24,Line,Trip,A-G,2017_Sep_19_1,4
2017/9/19 10:24,Transformer,Trip,,2017_Sep_19_2,4
2017/9/19 19:31,Line,Planned Service,,2017_Sep_19_12,4
2017/9/19 19:31,Transformer,Planned Service,,2017_Sep_19_14,4
2017/9/19 19:31,Line,Planned Service,,2017_Sep_19_13,4
2017/9/22 13:27,Transformer,Planned Service,,2017_Sep_22_4,4
2017/9/22 13:27,Line,Planned Service,,2017_Sep_22_3,4
2017/9/23 15:01,Transformer,Planned Service,,2017_Sep_23_5,4
2017/9/23 15:01,Line,Planned Service,,2017_Sep_23_4,4
2017/9/24 18:49,Transformer,Planned Service,,2017_Sep_24_12,4
2017/9/24 18:49,Line,Planned Operations,Sympathetic,2017_Sep_24_11,4
2017/9/25 14:56,Line,Planned Service,,2017_Sep_25_10,4
2017/9/25 14:56,Transformer,Planned Service,,2017_Sep_25_11,4
2017/9/30 19:39,Line,Fire/Smoke,B-G,2017_Sep_30_9,5
2017/9/30 19:39,Frequency,,,2017_Sep_30_12,5
2017/9/30 19:39,Line,Fire/Smoke,B-G,2017_Sep_30_10,5
2017/9/30 19:39,Frequency,,,2017_Sep_30_11,5
2017/10/2 14:22,Transformer,Planned Service,,2017_Oct_2_9,4
2017/10/2 14:22,Line,Planned Service,,2017_Oct_2_8,4
2017/10/2 14:22,Line,Planned Service,,2017_Oct_2_7,4
2017/10/2 14:49,Transformer,Planned Service,,2017_Oct_2_14,4
2017/10/2 14:49,Line,Planned Service,,2017_Oct_2_13,4
2017/10/2 15:09,Transformer,Planned Service,,2017_Oct_2_18,4
2017/10/2 15:09,Line,Planned Service,,2017_Oct_2_17,4
2017/10/4 15:13,Line,Planned Service,,2017_Oct_4_7,4
2017/10/4 15:13,Transformer,Planned Service,,2017_Oct_4_8,4
2017/10/4 15:49,Line,Planned Service,,2017_Oct_4_10,4
2017/10/4 15:49,Transformer,Planned Service,,2017_Oct_4_11,4
2017/10/4 21:59,Transformer,Trip,Sympathetic,2017_Oct_4_17,4
2017/10/4 21:59,Line,Trip,,2017_Oct_4_15,4
2017/10/4 21:59,Transformer,Trip,Sympathetic,2017_Oct_4_16,4
2017/10/4 21:59,Line,Equipment,,2017_Oct_4_14,4
2017/10/5 12:20,Transformer,Planned Service,,2017_Oct_5_3,4
2017/10/5 12:20,Line,Planned Service,,2017_Oct_5_2,4
2017/10/5 15:29,Line,Planned Service,,2017_Oct_5_11,4
2017/10/5 15:29,Transformer,Planned Service,,2017_Oct_5_12,4
2017/10/6 12:17,Transformer,Planned Service,,2017_Oct_6_3,4
2017/10/6 12:17,Line,Planned Service,,2017_Oct_6_2,4
2017/10/6 12:17,Transformer,Planned Service,,2017_Oct_6_4,4
2017/10/6 22:47,Line,Planned Service,,2017_Oct_6_20,4
2017/10/6 22:47,Transformer,Planned Service,,2017_Oct_6_21,4
2017/10/6 22:47,Line,Planned Service,,2017_Oct_6_19,4
2017/10/9 21:05,Transformer,Trip,,2017_Oct_9_11,4
2017/10/9 21:05,Line,Trip,A-G,2017_Oct_9_10,4
2017/10/10 13:26,Transformer,Planned Service,,2017_Oct_10_4,4
2017/10/10 13:26,Line,Planned Service,,2017_Oct_10_3,4
2017/10/10 17:16,Transformer,Planned Service,,2017_Oct_10_13,4
2017/10/10 17:16,Line,Trip,Human Error,2017_Oct_10_15,4
2017/10/10 17:16,Line,Trip,Human Error,2017_Oct_10_14,4
2017/10/11 14:57,Line,Planned Service,,2017_Oct_11_4,4
2017/10/11 14:57,Transformer,Planned Service,,2017_Oct_11_5,4
2017/10/14 10:15,Transformer,Planned Service,,2017_Oct_14_7,4
2017/10/14 10:15,Line,Planned Service,,2017_Oct_14_4,4
2017/10/14 10:15,Line,Planned Service,,2017_Oct_14_5,4
2017/10/14 10:15,Transformer,Planned Service,,2017_Oct_14_6,4
2017/10/14 10:15,Transformer,Planned Operations,Sympathetic,2017_Oct_14_3,4
2017/10/16 14:26,Line,Planned Service,,2017_Oct_16_4,4
2017/10/16 14:26,Transformer,Planned Service,,2017_Oct_16_5,4
2017/10/16 15:21,Line,Planned Service,,2017_Oct_16_12,4
2017/10/16 15:21,Transformer,Planned Service,,2017_Oct_16_13,4
2017/10/16 15:56,Transformer,Planned Service,,2017_Oct_16_15,4
2017/10/16 15:56,Line,Planned Service,,2017_Oct_16_14,4
2017/10/16 22:45,Frequency,,,2017_Oct_16_21,5
2017/10/16 22:45,Line,RAS,,2017_Oct_16_20,5
2017/10/16 22:45,Line,Lightning,B-G,2017_Oct_16_19,5
2017/10/19 14:31,Transformer,Planned Operations,Sympathetic,2017_Oct_19_8,4
2017/10/19 14:31,Line,Planned Operations,Sympathetic,2017_Oct_19_7,4
2017/11/3 13:44,Line,Planned Service,,2017_Nov_3_1,4
2017/11/3 13:44,Transformer,Planned Service,,2017_Nov_3_3,4
2017/11/3 13:44,Line,Planned Service,,2017_Nov_3_2,4
2017/11/3 13:45,Line,Planned Service,,2017_Nov_3_4,4
2017/11/3 13:45,Transformer,Planned Service,,2017_Nov_3_5,4
2017/11/7 15:01,Line,Planned Service,,2017_Nov_7_2,4
2017/11/7 15:01,Transformer,Planned Service,,2017_Nov_7_3,4
2017/11/7 19:25,Transformer,Planned Service,,2017_Nov_7_10,4
2017/11/7 19:25,Line,Planned Service,,2017_Nov_7_9,4
2017/11/7 20:11,Line,Planned Service,,2017_Nov_7_11,4
2017/11/7 20:11,Transformer,Planned Service,,2017_Nov_7_12,4
2017/11/13 15:50,Line,Planned Operations,Sympathetic,2017_Nov_13_6,4
2017/11/13 15:50,Transformer,Planned Operations,Sympathetic,2017_Nov_13_7,4
2017/11/13 23:29,Line,Tree,B-C,2017_Nov_13_19,4
2017/11/13 23:29,Line,Tree,,2017_Nov_13_20,4
2017/11/13 23:29,Transformer,Tree,,2017_Nov_13_21,4
2017/11/14 17:39,Line,Planned Service,,2017_Nov_14_10,4
2017/11/14 17:39,Transformer,Planned Service,,2017_Nov_14_11,4
2017/11/14 23:24,Transformer,Planned Service,,2017_Nov_14_19,4
2017/11/14 23:24,Line,Planned Service,,2017_Nov_14_18,4
2017/11/15 16:15,Transformer,Planned Service,,2017_Nov_15_4,4
2017/11/15 16:15,Transformer,Planned Service,,2017_Nov_15_5,4
2017/11/15 16:15,Line,Planned Service,,2017_Nov_15_3,4
2017/11/15 18:18,Line,Planned Testing,,2017_Nov_15_8,4
2017/11/15 18:18,Transformer,Planned Testing,,2017_Nov_15_9,4
2017/11/17 13:07,Line,Equipment,,2017_Nov_17_2,4
2017/11/17 13:07,Transformer,Equipment,Protection,2017_Nov_17_4,4
2017/11/17 13:07,Transformer,Equipment,Protection,2017_Nov_17_5,4
2017/11/17 13:07,Line,Equipment,Conductor,2017_Nov_17_1,4
2017/11/17 13:07,Line,Equipment,Protection,2017_Nov_17_3,4
2017/11/21 16:11,Transformer,Planned Service,,2017_Nov_21_5,4
2017/11/21 16:11,Line,Planned Service,,2017_Nov_21_4,4
2017/11/25 8:11,Line,Trip,"P-G, 3P",2017_Nov_25_2,5
2017/11/25 8:11,Frequency,,,2017_Nov_25_3,5
2017/12/4 14:32,Line,Planned Service,,2017_Dec_4_1,4
2017/12/4 14:32,Transformer,Planned Service,,2017_Dec_4_3,4
2017/12/4 14:32,Transformer,Planned Service,,2017_Dec_4_2,4
2017/12/6 16:35,Line,Planned Operations,Sympathetic,2017_Dec_6_9,4
2017/12/6 16:35,Transformer,Planned Operations,,2017_Dec_6_10,4
2017/12/6 22:14,Transformer,Planned Service,,2017_Dec_6_13,4
2017/12/6 22:14,Line,Planned Service,,2017_Dec_6_12,4
2017/12/11 15:58,Line,Planned Service,,2017_Dec_11_8,4
2017/12/11 15:58,Transformer,Planned Service,,2017_Dec_11_9,4
2017/12/11 18:07,Transformer,Planned Operations,Sympathetic,2017_Dec_11_17,4
2017/12/11 18:07,Line,Planned Operations,Sympathetic,2017_Dec_11_16,4
2017/12/14 2:34,Frequency,,,2017_Dec_14_2,5
2017/12/14 2:34,Line,Planned Service,,2017_Dec_14_1,5
2017/12/14 15:05,Frequency,,,2017_Dec_14_6,5
2017/12/14 15:05,Line,Planned Service,,2017_Dec_14_5,5
